timeStamp,elapsed,label,responseCode,responseMessage,threadName,dataType,success,failureMessage,bytes,sentBytes,grpThreads,allThreads,URL,Latency,IdleTime,Connect
1716994512507,21493,HTTP Request,200,OK,Thread Group 1-2,text,true,,1145858,232,10,10,https://www.daraz.com.bd/,540,0,465
1716994512507,548,HTTP Request-0,301,Moved Permanently,Thread Group 1-2,text,true,,815,114,10,10,https://daraz.com.bd/,540,0,465
1716994513057,20943,HTTP Request-1,200,OK,Thread Group 1-2,text,true,,1145043,118,10,10,https://www.daraz.com.bd/,757,0,374
1716994513508,23595,HTTP Request,200,OK,Thread Group 1-3,text,true,,1145793,232,10,10,https://www.daraz.com.bd/,524,0,201
1716994513508,525,HTTP Request-0,301,Moved Permanently,Thread Group 1-3,text,true,,815,114,10,10,https://daraz.com.bd/,524,0,201
1716994514034,23069,HTTP Request-1,200,OK,Thread Group 1-3,text,true,,1144978,118,10,10,https://www.daraz.com.bd/,234,0,173
1716994511705,25599,HTTP Request,200,OK,Thread Group 1-1,text,true,,1145751,232,10,10,https://www.daraz.com.bd/,1340,0,1266
1716994511705,1348,HTTP Request-0,301,Moved Permanently,Thread Group 1-1,text,true,,815,114,10,10,https://daraz.com.bd/,1340,0,1266
1716994513057,24247,HTTP Request-1,200,OK,Thread Group 1-1,text,true,,1144936,118,10,10,https://www.daraz.com.bd/,546,0,374
1716994516507,22917,HTTP Request,200,OK,Thread Group 1-6,text,true,,1145777,232,10,10,https://www.daraz.com.bd/,750,0,694
1716994516507,750,HTTP Request-0,301,Moved Permanently,Thread Group 1-6,text,true,,815,114,10,10,https://daraz.com.bd/,750,0,694
1716994517257,22167,HTTP Request-1,200,OK,Thread Group 1-6,text,true,,1144962,118,10,10,https://www.daraz.com.bd/,502,0,439
1716994519505,20758,HTTP Request,200,OK,Thread Group 1-9,text,true,,1145804,232,10,10,https://www.daraz.com.bd/,249,0,191
1716994519505,249,HTTP Request-0,301,Moved Permanently,Thread Group 1-9,text,true,,815,114,10,10,https://daraz.com.bd/,249,0,191
1716994519754,20509,HTTP Request-1,200,OK,Thread Group 1-9,text,true,,1144989,118,10,10,https://www.daraz.com.bd/,248,0,187
1716994515508,24767,HTTP Request,200,OK,Thread Group 1-5,text,true,,1145867,232,10,10,https://www.daraz.com.bd/,223,0,169
1716994515508,223,HTTP Request-0,301,Moved Permanently,Thread Group 1-5,text,true,,815,114,10,10,https://daraz.com.bd/,223,0,169
1716994515732,24543,HTTP Request-1,200,OK,Thread Group 1-5,text,true,,1145052,118,10,10,https://www.daraz.com.bd/,609,0,482
1716994518508,23387,HTTP Request,200,OK,Thread Group 1-8,text,true,,1145760,232,10,10,https://www.daraz.com.bd/,233,0,179
1716994518508,233,HTTP Request-0,301,Moved Permanently,Thread Group 1-8,text,true,,815,114,10,10,https://daraz.com.bd/,233,0,179
1716994518742,23153,HTTP Request-1,200,OK,Thread Group 1-8,text,true,,1144945,118,10,10,https://www.daraz.com.bd/,244,0,182
1716994520506,21557,HTTP Request,200,OK,Thread Group 1-10,text,true,,1145791,232,10,10,https://www.daraz.com.bd/,296,0,241
1716994520506,296,HTTP Request-0,301,Moved Permanently,Thread Group 1-10,text,true,,815,114,10,10,https://daraz.com.bd/,296,0,241
1716994520803,21260,HTTP Request-1,200,OK,Thread Group 1-10,text,true,,1144976,118,10,10,https://www.daraz.com.bd/,248,0,188
1716994514509,28680,HTTP Request,200,OK,Thread Group 1-4,text,true,,1145792,232,10,10,https://www.daraz.com.bd/,257,0,190
1716994514509,257,HTTP Request-0,301,Moved Permanently,Thread Group 1-4,text,true,,815,114,10,10,https://daraz.com.bd/,257,0,190
1716994514768,28421,HTTP Request-1,200,OK,Thread Group 1-4,text,true,,1144977,118,10,10,https://www.daraz.com.bd/,547,0,486
1716994517503,27750,HTTP Request,200,OK,Thread Group 1-7,text,true,,1145784,232,10,10,https://www.daraz.com.bd/,574,0,518
1716994517503,574,HTTP Request-0,301,Moved Permanently,Thread Group 1-7,text,true,,815,114,10,10,https://daraz.com.bd/,574,0,518
1716994518078,27175,HTTP Request-1,200,OK,Thread Group 1-7,text,true,,1144969,118,10,10,https://www.daraz.com.bd/,550,0,487
1716994534007,23075,HTTP Request,200,OK,Thread Group 1-2,text,true,,1145789,232,10,10,https://www.daraz.com.bd/,117,0,0
1716994534007,117,HTTP Request-0,301,Moved Permanently,Thread Group 1-2,text,true,,815,114,10,10,https://daraz.com.bd/,117,0,0
1716994534125,22957,HTTP Request-1,200,OK,Thread Group 1-2,text,true,,1144974,118,10,10,https://www.daraz.com.bd/,131,0,0
1716994537305,19943,HTTP Request,200,OK,Thread Group 1-1,text,true,,1145733,232,9,9,https://www.daraz.com.bd/,160,0,0
1716994537305,160,HTTP Request-0,301,Moved Permanently,Thread Group 1-1,text,true,,815,114,9,9,https://daraz.com.bd/,160,0,0
1716994537465,19783,HTTP Request-1,200,OK,Thread Group 1-1,text,true,,1144918,118,9,9,https://www.daraz.com.bd/,103,0,0
1716994539425,19136,HTTP Request,200,OK,Thread Group 1-6,text,true,,1145797,232,8,8,https://www.daraz.com.bd/,113,0,0
1716994539425,113,HTTP Request-0,301,Moved Permanently,Thread Group 1-6,text,true,,815,114,8,8,https://daraz.com.bd/,113,0,0
1716994539539,19022,HTTP Request-1,200,OK,Thread Group 1-6,text,true,,1144982,118,8,8,https://www.daraz.com.bd/,124,0,0
1716994537104,21763,HTTP Request,200,OK,Thread Group 1-3,text,true,,1145783,232,7,7,https://www.daraz.com.bd/,128,0,0
1716994537104,128,HTTP Request-0,301,Moved Permanently,Thread Group 1-3,text,true,,815,114,7,7,https://daraz.com.bd/,128,0,0
1716994537232,21635,HTTP Request-1,200,OK,Thread Group 1-3,text,true,,1144968,118,7,7,https://www.daraz.com.bd/,157,0,0
1716994540276,20412,HTTP Request,200,OK,Thread Group 1-5,text,true,,1145885,232,6,6,https://www.daraz.com.bd/,83,0,0
1716994540276,84,HTTP Request-0,301,Moved Permanently,Thread Group 1-5,text,true,,815,114,6,6,https://daraz.com.bd/,83,0,0
1716994540360,20328,HTTP Request-1,200,OK,Thread Group 1-5,text,true,,1145070,118,6,6,https://www.daraz.com.bd/,95,0,0
1716994540264,20870,HTTP Request,200,OK,Thread Group 1-9,text,true,,1145790,232,5,5,https://www.daraz.com.bd/,336,0,0
1716994540264,336,HTTP Request-0,301,Moved Permanently,Thread Group 1-9,text,true,,815,114,5,5,https://daraz.com.bd/,336,0,0
1716994540600,20534,HTTP Request-1,200,OK,Thread Group 1-9,text,true,,1144975,118,5,5,https://www.daraz.com.bd/,65,0,0
1716994542064,19397,HTTP Request,200,OK,Thread Group 1-10,text,true,,1145783,232,4,4,https://www.daraz.com.bd/,76,0,0
1716994542064,76,HTTP Request-0,301,Moved Permanently,Thread Group 1-10,text,true,,815,114,4,4,https://daraz.com.bd/,76,0,0
1716994542140,19321,HTTP Request-1,200,OK,Thread Group 1-10,text,true,,1144968,118,4,4,https://www.daraz.com.bd/,102,0,0
1716994541896,21423,HTTP Request,200,OK,Thread Group 1-8,text,true,,1145791,232,3,3,https://www.daraz.com.bd/,90,0,0
1716994541896,90,HTTP Request-0,301,Moved Permanently,Thread Group 1-8,text,true,,815,114,3,3,https://daraz.com.bd/,90,0,0
1716994541986,21333,HTTP Request-1,200,OK,Thread Group 1-8,text,true,,1144976,118,3,3,https://www.daraz.com.bd/,98,0,0
1716994545254,19776,HTTP Request,200,OK,Thread Group 1-7,text,true,,1145801,232,2,2,https://www.daraz.com.bd/,76,0,0
1716994545254,76,HTTP Request-0,301,Moved Permanently,Thread Group 1-7,text,true,,815,114,2,2,https://daraz.com.bd/,76,0,0
1716994545330,19700,HTTP Request-1,200,OK,Thread Group 1-7,text,true,,1144986,118,2,2,https://www.daraz.com.bd/,75,0,0
1716994543190,22363,HTTP Request,200,OK,Thread Group 1-4,text,true,,1145819,232,1,1,https://www.daraz.com.bd/,55,0,0
1716994543190,55,HTTP Request-0,301,Moved Permanently,Thread Group 1-4,text,true,,815,114,1,1,https://daraz.com.bd/,55,0,0
1716994543246,22307,HTTP Request-1,200,OK,Thread Group 1-4,text,true,,1145004,118,1,1,https://www.daraz.com.bd/,58,0,0
