{
  "HTTP Request-1" : {
    "transaction" : "HTTP Request-1",
    "sampleCount" : 20,
    "errorCount" : 0,
    "errorPct" : 0.0,
    "meanResTime" : 22120.35,
    "medianResTime" : 21484.0,
    "minResTime" : 19022.0,
    "maxResTime" : 28421.0,
    "pct1ResTime" : 26911.800000000007,
    "pct2ResTime" : 28358.7,
    "pct3ResTime" : 28421.0,
    "throughput" : 0.38098140810728437,
    "receivedKBytesPerSec" : 425.9931709082597,
    "sentKBytesPerSec" : 0.04390215444986285
  },
  "Total" : {
    "transaction" : "Total",
    "sampleCount" : 60,
    "errorCount" : 0,
    "errorPct" : 0.0,
    "meanResTime" : 14955.099999999999,
    "medianResTime" : 20460.5,
    "minResTime" : 55.0,
    "maxResTime" : 28680.0,
    "pct1ResTime" : 24744.6,
    "pct2ResTime" : 27721.249999999996,
    "pct3ResTime" : 28680.0,
    "throughput" : 1.114247511513891,
    "receivedKBytesPerSec" : 831.1861338861239,
    "sentKBytesPerSec" : 0.16829780121824395
  },
  "HTTP Request-0" : {
    "transaction" : "HTTP Request-0",
    "sampleCount" : 20,
    "errorCount" : 0,
    "errorPct" : 0.0,
    "meanResTime" : 311.9,
    "medianResTime" : 228.0,
    "minResTime" : 55.0,
    "maxResTime" : 1348.0,
    "pct1ResTime" : 732.4000000000003,
    "pct2ResTime" : 1318.0999999999995,
    "pct3ResTime" : 1348.0,
    "throughput" : 0.5947955390334573,
    "receivedKBytesPerSec" : 0.47339684014869887,
    "sentKBytesPerSec" : 0.0662174721189591
  },
  "HTTP Request" : {
    "transaction" : "HTTP Request",
    "sampleCount" : 20,
    "errorCount" : 0,
    "errorPct" : 0.0,
    "meanResTime" : 22433.050000000003,
    "medianResTime" : 21660.0,
    "minResTime" : 19136.0,
    "maxResTime" : 28680.0,
    "pct1ResTime" : 27534.900000000005,
    "pct2ResTime" : 28633.5,
    "pct3ResTime" : 28680.0,
    "throughput" : 0.37141583717129695,
    "receivedKBytesPerSec" : 415.59306694306196,
    "sentKBytesPerSec" : 0.08414890060912197
  }
}